vertexdecl,pp
vertexshader,transform_only.hlsl
pixelshader,null.hlsl
vertexshader,floatz_build.hlsl
pixelshader,floatz_build.hlsl
vertexshader,shadowmap_build.hlsl
pixelshader,shadowmap_build_sm3.hlsl
vertexdecl,ppcc0t0t0
vertexshader,vertcol_simple_fog_dtex.hlsl
pixelshader,vertcol_shaded_fog_lin.hlsl
vertexdecl,ppcc0t0t0nntt2
vertexshader,lp_fog_s_tc0n0_dtex_sm3.hlsl
pixelshader,lp_fog_sat_r0c0n0s0_sm3.hlsl
vertexshader,lp_dfog_s_tc0n0_dtex_sm3.hlsl
pixelshader,lp_dfog_sat_r0c0n0s0_sm3.hlsl
vertexshader,lp_sun_fog_s_tc0n0_dtex_sm3.hlsl
pixelshader,lp_sun_fog_sat_r0c0n0s0_sm3.hlsl
vertexshader,lp_sun_dfog_s_tc0n0_dtex_sm3.hlsl
pixelshader,lp_sun_dfog_sat_r0c0n0s0_sm3.hlsl
vertexshader,lp_sm_sun_fog_s_tc0n0_dtex_sm3.hlsl
pixelshader,lp_sm_sun_fog_sat_r0c0n0s0_sm3.hlsl
vertexshader,lp_sm_sun_dfog_s_tc0n0_dtex_sm3.hlsl
pixelshader,lp_sm_sun_dfog_sat_r0c0n0s0_sm3.hlsl
vertexshader,lp_omni_fog_s_tc0n0_dtex_sm3.hlsl
pixelshader,lp_spot_fog_sat_r0c0n0s0_sm3.hlsl
vertexshader,lp_omni_dfog_s_tc0n0_dtex_sm3.hlsl
pixelshader,lp_spot_dfog_sat_r0c0n0s0_sm3.hlsl
vertexshader,lp_sm_omni_fog_s_tc0n0_dtex_sm3.hlsl
pixelshader,lp_sm_spot_fog_sat_r0c0n0s0_sm3.hlsl
vertexshader,lp_sm_omni_dfog_s_tc0n0_dtex_sm3.hlsl
pixelshader,lp_sm_spot_dfog_sat_r0c0n0s0_sm3.hlsl
pixelshader,lp_omni_fog_sat_r0c0n0s0_sm3.hlsl
pixelshader,lp_omni_dfog_sat_r0c0n0s0_sm3.hlsl
pixelshader,lp_sm_omni_fog_sat_r0c0n0s0_sm3.hlsl
pixelshader,lp_sm_omni_dfog_sat_r0c0n0s0_sm3.hlsl
vertexdecl,ppcc0t0t0nntt2t1t3
vertexshader,lp_i_fog_s_tc0n0_dtex_sm3.hlsl
pixelshader,lp_i_fog_sat_r0c0n0s0_sm3.hlsl
vertexshader,lp_i_dfog_s_tc0n0_dtex_sm3.hlsl
pixelshader,lp_i_dfog_sat_r0c0n0s0_sm3.hlsl
vertexshader,lp_i_sun_fog_s_tc0n0_dtex_sm3.hlsl
pixelshader,lp_i_sun_fog_sat_r0c0n0s0_sm3.hlsl
vertexshader,lp_i_sun_dfog_s_tc0n0_dtex_sm3.hlsl
pixelshader,lp_i_sun_dfog_sat_r0c0n0s0_sm3.hlsl
vertexshader,lp_sm_i_sun_fog_s_tc0n0_dtex_sm3.hlsl
pixelshader,lp_sm_i_sun_fog_sat_r0c0n0s0_sm3.hlsl
vertexshader,lp_sm_i_sun_dfog_s_tc0n0_dtex_sm3.hlsl
pixelshader,lp_sm_i_sun_dfog_sat_r0c0n0s0_sm3.hlsl
vertexshader,lp_i_omni_fog_s_tc0n0_dtex_sm3.hlsl
pixelshader,lp_i_spot_fog_sat_r0c0n0s0_sm3.hlsl
vertexshader,lp_i_omni_dfog_s_tc0n0_dtex_sm3.hlsl
pixelshader,lp_i_spot_dfog_sat_r0c0n0s0_sm3.hlsl
vertexshader,lp_sm_i_omni_fog_s_tc0n0_dtex_sm3.hlsl
pixelshader,lp_sm_i_spot_fog_sat_r0c0n0s0_sm3.hlsl
vertexshader,lp_sm_i_omni_dfog_s_tc0n0_dtex_sm3.hlsl
pixelshader,lp_sm_i_spot_dfog_sat_r0c0n0s0_sm3.hlsl
pixelshader,lp_i_omni_fog_sat_r0c0n0s0_sm3.hlsl
pixelshader,lp_i_omni_dfog_sat_r0c0n0s0_sm3.hlsl
pixelshader,lp_sm_i_omni_fog_sat_r0c0n0s0_sm3.hlsl
pixelshader,lp_sm_i_omni_dfog_sat_r0c0n0s0_sm3.hlsl
vertexshader,l_point_tc0n0_dtex.hlsl
pixelshader,l_spot_r0c0n0.hlsl
pixelshader,l_omni_r0c0n0.hlsl
vertexshader,l_point_sm_tc0n0_dtex.hlsl
pixelshader,l_spot_sm_r0c0n0.hlsl
vertexdecl,ppcc0
vertexshader,vertcol_untextured_dtex_nofog.hlsl
pixelshader,vertcol_untextured_lin_nofog.hlsl
vertexdecl,ppt0t0
vertexshader,thermal_dtex.hlsl
pixelshader,thermal.hlsl
vertexdecl,ppt0t0nntt1
vertexshader,debug_normals_dtex.hlsl
pixelshader,debug_normals.hlsl
vertexdecl,ppt0t0nntt1t1t2
vertexshader,debug_normals_i_dtex.hlsl
pixelshader,debug_normals_i.hlsl
techset,mc_l_sm_heat_r0c0n0s0_sat
image,~delta_headgear_b_spc-rgb&del~1b208832
image,delta_headgear_b_nml
image,delta_headgear_a_flir
image,delta_headgear_b_col
material,mc/mtl_delta_woodland_headgear_b
pixelshader,lp_fog_sat_b0c0n0s0px_sm3.hlsl
pixelshader,lp_dfog_sat_b0c0n0s0px_sm3.hlsl
pixelshader,lp_sun_fog_sat_b0c0n0s0px_sm3.hlsl
pixelshader,lp_sun_dfog_sat_b0c0n0s0px_sm3.hlsl
pixelshader,lp_sm_sun_fog_sat_b0c0n0s0px_sm3.hlsl
pixelshader,lp_sm_sun_dfog_sat_b0c0n0s0px_sm3.hlsl
pixelshader,lp_spot_fog_sat_b0c0n0s0px_sm3.hlsl
pixelshader,lp_spot_dfog_sat_b0c0n0s0px_sm3.hlsl
pixelshader,lp_sm_spot_fog_sat_b0c0n0s0px_sm3.hlsl
pixelshader,lp_sm_spot_dfog_sat_b0c0n0s0px_sm3.hlsl
pixelshader,lp_omni_fog_sat_b0c0n0s0px_sm3.hlsl
pixelshader,lp_omni_dfog_sat_b0c0n0s0px_sm3.hlsl
pixelshader,lp_sm_omni_fog_sat_b0c0n0s0px_sm3.hlsl
pixelshader,lp_sm_omni_dfog_sat_b0c0n0s0px_sm3.hlsl
pixelshader,lp_i_fog_sat_b0c0n0s0px_sm3.hlsl
pixelshader,lp_i_dfog_sat_b0c0n0s0px_sm3.hlsl
pixelshader,lp_i_sun_fog_sat_b0c0n0s0px_sm3.hlsl
pixelshader,lp_i_sun_dfog_sat_b0c0n0s0px_sm3.hlsl
pixelshader,lp_sm_i_sun_fog_sat_b0c0n0s0px_sm3.hlsl
pixelshader,lp_sm_i_sun_dfog_sat_b0c0n0s0px_sm3.hlsl
pixelshader,lp_i_spot_fog_sat_b0c0n0s0px_sm3.hlsl
pixelshader,lp_i_spot_dfog_sat_b0c0n0s0px_sm3.hlsl
pixelshader,lp_sm_i_spot_fog_sat_b0c0n0s0px_sm3.hlsl
pixelshader,lp_sm_i_spot_dfog_sat_b0c0n0s0px_sm3.hlsl
pixelshader,lp_i_omni_fog_sat_b0c0n0s0px_sm3.hlsl
pixelshader,lp_i_omni_dfog_sat_b0c0n0s0px_sm3.hlsl
pixelshader,lp_sm_i_omni_fog_sat_b0c0n0s0px_sm3.hlsl
pixelshader,lp_sm_i_omni_dfog_sat_b0c0n0s0px_sm3.hlsl
pixelshader,l_spot_b0c0n0.hlsl
pixelshader,l_omni_b0c0n0.hlsl
pixelshader,l_spot_sm_b0c0n0.hlsl
techset,mc_l_sm_heat_b0c0n0s0p0_sat
image,~delta_alpha_a_spc-rgb&delta_~155668f1
image,delta_alpha_a_nml
image,chemwar_blk_metal_swatch_flir
image,delta_alpha_b_col
material,mc/mtl_delta_eyeglass_b
image,~delta_headgear_d_spc-rgb&del~4ec93eb2
image,delta_headgear_d_nml
image,delta_headgear_c_flir
image,delta_headgear_d_col
material,mc/mtl_delta_woodland_headgear_d
image,~delta_head_b_spc-rgb&delta_h~6eab4a09
image,delta_head_b_nml
image,delta_head_b_flir
image,delta_head_b_col
material,mc/mtl_delta_head_b
vertexdecl,ppcc0t0t0nn
vertexshader,lp_fog_s_tc0_dtex_sm3.hlsl
pixelshader,lp_fog_sat_r0c0s0px_sm3.hlsl
vertexshader,lp_dfog_s_tc0_dtex_sm3.hlsl
pixelshader,lp_dfog_sat_r0c0s0px_sm3.hlsl
vertexshader,lp_sun_fog_s_tc0_dtex_sm3.hlsl
pixelshader,lp_sun_fog_sat_r0c0s0px_sm3.hlsl
vertexshader,lp_sun_dfog_s_tc0_dtex_sm3.hlsl
pixelshader,lp_sun_dfog_sat_r0c0s0px_sm3.hlsl
vertexshader,lp_sm_sun_fog_s_tc0_dtex_sm3.hlsl
pixelshader,lp_sm_sun_fog_sat_r0c0s0px_sm3.hlsl
vertexshader,lp_sm_sun_dfog_s_tc0_dtex_sm3.hlsl
pixelshader,lp_sm_sun_dfog_sat_r0c0s0px_sm3.hlsl
vertexshader,lp_omni_fog_s_tc0_dtex_sm3.hlsl
pixelshader,lp_spot_fog_sat_r0c0s0px_sm3.hlsl
vertexshader,lp_omni_dfog_s_tc0_dtex_sm3.hlsl
pixelshader,lp_spot_dfog_sat_r0c0s0px_sm3.hlsl
vertexshader,lp_sm_omni_fog_s_tc0_dtex_sm3.hlsl
pixelshader,lp_sm_spot_fog_sat_r0c0s0px_sm3.hlsl
vertexshader,lp_sm_omni_dfog_s_tc0_dtex_sm3.hlsl
pixelshader,lp_sm_spot_dfog_sat_r0c0s0px_sm3.hlsl
pixelshader,lp_omni_fog_sat_r0c0s0px_sm3.hlsl
pixelshader,lp_omni_dfog_sat_r0c0s0px_sm3.hlsl
pixelshader,lp_sm_omni_fog_sat_r0c0s0px_sm3.hlsl
pixelshader,lp_sm_omni_dfog_sat_r0c0s0px_sm3.hlsl
vertexdecl,ppcc0t0t0nnt1t3
vertexshader,lp_i_fog_s_tc0_dtex_sm3.hlsl
pixelshader,lp_i_fog_sat_r0c0s0px_sm3.hlsl
vertexshader,lp_i_dfog_s_tc0_dtex_sm3.hlsl
pixelshader,lp_i_dfog_sat_r0c0s0px_sm3.hlsl
vertexshader,lp_i_sun_fog_s_tc0_dtex_sm3.hlsl
pixelshader,lp_i_sun_fog_sat_r0c0s0px_sm3.hlsl
vertexshader,lp_i_sun_dfog_s_tc0_dtex_sm3.hlsl
pixelshader,lp_i_sun_dfog_sat_r0c0s0px_sm3.hlsl
vertexshader,lp_sm_i_sun_fog_s_tc0_dtex_sm3.hlsl
pixelshader,lp_sm_i_sun_fog_sat_r0c0s0px_sm3.hlsl
vertexshader,lp_sm_i_sun_dfog_s_tc0_dtex_sm3.hlsl
pixelshader,lp_sm_i_sun_dfog_sat_r0c0s0px_sm3.hlsl
vertexshader,lp_i_omni_fog_s_tc0_dtex_sm3.hlsl
pixelshader,lp_i_spot_fog_sat_r0c0s0px_sm3.hlsl
vertexshader,lp_i_omni_dfog_s_tc0_dtex_sm3.hlsl
pixelshader,lp_i_spot_dfog_sat_r0c0s0px_sm3.hlsl
vertexshader,lp_sm_i_omni_fog_s_tc0_dtex_sm3.hlsl
pixelshader,lp_sm_i_spot_fog_sat_r0c0s0px_sm3.hlsl
vertexshader,lp_sm_i_omni_dfog_s_tc0_dtex_sm3.hlsl
pixelshader,lp_sm_i_spot_dfog_sat_r0c0s0px_sm3.hlsl
pixelshader,lp_i_omni_fog_sat_r0c0s0px_sm3.hlsl
pixelshader,lp_i_omni_dfog_sat_r0c0s0px_sm3.hlsl
pixelshader,lp_sm_i_omni_fog_sat_r0c0s0px_sm3.hlsl
pixelshader,lp_sm_i_omni_dfog_sat_r0c0s0px_sm3.hlsl
vertexshader,l_point_tc0_dtex.hlsl
pixelshader,l_spot_r0c0.hlsl
pixelshader,l_omni_r0c0.hlsl
vertexshader,l_point_sm_tc0_dtex.hlsl
pixelshader,l_spot_sm_r0c0.hlsl
techset,mc_l_sm_heat_r0c0s0p0_sat
image,~generic_eye_spc-rgb&generic_~8a7d9489
image,$identitynormalmap
image,russian_military_eye_a_flir
image,hazel_eye_a_col
material,mc/mtl_hazel_eye_a
xmodelsurfs,delta_elite_head_a_lod010
xmodelsurfs,delta_elite_head_a_lod110
xmodelsurfs,delta_elite_head_a_lod210
xmodelsurfs,delta_elite_head_a_lod310
xmodel,head_delta_elite_a
image,~delta_headgear_c_spc-rgb&del~5b8bc174
image,delta_headgear_c_nml
image,delta_headgear_c_col
material,mc/mtl_delta_woodland_headgear_c
image,darkblue_eye_a_col
material,mc/mtl_darkblue_eye_a
image,~delta_head_c_spc-rgb&delta_h~9b8cb7b8
image,delta_head_c_nml
image,delta_head_c_flir
image,delta_head_c_col
material,mc/mtl_delta_head_c
image,~delta_eye_prot_a_spc-rgb&del~85d1f87a
image,delta_eye_prot_a_nml
image,delta_eye_prot_a_col
material,mc/mtl_delta_eye_prot_a
image,~delta_alpha_c_spc-rgb&delta_~4a26d7e2
image,delta_alpha_c_nml
image,delta_alpha_c_col
material,mc/mtl_delta_eyeglass_c
techset,mc_l_sm_b0c0n0s0p0_sat
image,~shiny_lense_eye_spc-rgb&shin~6d67a372
image,shiny_lense_eye_nml
image,shiny_lense_eye_col
material,mc/mtl_shiny_lense_eye
xmodelsurfs,delta_elite_head_b_lod010
xmodelsurfs,delta_elite_head_b_lod110
xmodelsurfs,delta_elite_head_b_lod210
xmodelsurfs,delta_elite_head_b_lod310
xmodel,head_delta_elite_b
image,~delta_headgear_e_spc-rgb&del~d6b2a318
image,delta_headgear_e_nml
image,delta_headgear_e_col
material,mc/mtl_delta_woodland_headgear_e
image,darkbrown_eye_d_col
material,mc/mtl_darkbrown_eye_d
image,delta_alpha_a_col
material,mc/mtl_delta_eyeglass_a
image,~delta_head_e_spc-rgb&delta_h~2a4dce0a
image,delta_head_e_nml
image,delta_head_e_col
material,mc/mtl_delta_head_e
xmodelsurfs,delta_elite_head_d_lod010
xmodelsurfs,delta_elite_head_d_lod110
xmodelsurfs,delta_elite_head_d_lod210
xmodelsurfs,delta_elite_head_d_lod310
xmodel,head_delta_elite_d
image,darkbrown_eye_a_col
material,mc/mtl_darkbrown_eye_a
image,~delta_head_d_spc-rgb&delta_h~ec1d5dc7
image,delta_head_d_nml
image,delta_head_d_col
material,mc/mtl_delta_head_d
xmodelsurfs,delta_elite_head_c_lod010
xmodelsurfs,delta_elite_head_c_lod110
xmodelsurfs,delta_elite_head_c_lod210
xmodelsurfs,delta_elite_head_c_lod310
xmodel,head_delta_elite_c
pixelshader,lp_fog_sat_r0c0n0s0px_sm3.hlsl
pixelshader,lp_dfog_sat_r0c0n0s0px_sm3.hlsl
pixelshader,lp_sun_fog_sat_r0c0n0s0px_sm3.hlsl
pixelshader,lp_sun_dfog_sat_r0c0n0s0px_sm3.hlsl
pixelshader,lp_sm_sun_fog_sat_r0c0n0s0px_sm3.hlsl
pixelshader,lp_sm_sun_dfog_sat_r0c0n0s0px_sm3.hlsl
pixelshader,lp_spot_fog_sat_r0c0n0s0px_sm3.hlsl
pixelshader,lp_spot_dfog_sat_r0c0n0s0px_sm3.hlsl
pixelshader,lp_sm_spot_fog_sat_r0c0n0s0px_sm3.hlsl
pixelshader,lp_sm_spot_dfog_sat_r0c0n0s0px_sm3.hlsl
pixelshader,lp_omni_fog_sat_r0c0n0s0px_sm3.hlsl
pixelshader,lp_omni_dfog_sat_r0c0n0s0px_sm3.hlsl
pixelshader,lp_sm_omni_fog_sat_r0c0n0s0px_sm3.hlsl
pixelshader,lp_sm_omni_dfog_sat_r0c0n0s0px_sm3.hlsl
pixelshader,lp_i_fog_sat_r0c0n0s0px_sm3.hlsl
pixelshader,lp_i_dfog_sat_r0c0n0s0px_sm3.hlsl
pixelshader,lp_i_sun_fog_sat_r0c0n0s0px_sm3.hlsl
pixelshader,lp_i_sun_dfog_sat_r0c0n0s0px_sm3.hlsl
pixelshader,lp_sm_i_sun_fog_sat_r0c0n0s0px_sm3.hlsl
pixelshader,lp_sm_i_sun_dfog_sat_r0c0n0s0px_sm3.hlsl
pixelshader,lp_i_spot_fog_sat_r0c0n0s0px_sm3.hlsl
pixelshader,lp_i_spot_dfog_sat_r0c0n0s0px_sm3.hlsl
pixelshader,lp_sm_i_spot_fog_sat_r0c0n0s0px_sm3.hlsl
pixelshader,lp_sm_i_spot_dfog_sat_r0c0n0s0px_sm3.hlsl
pixelshader,lp_i_omni_fog_sat_r0c0n0s0px_sm3.hlsl
pixelshader,lp_i_omni_dfog_sat_r0c0n0s0px_sm3.hlsl
pixelshader,lp_sm_i_omni_fog_sat_r0c0n0s0px_sm3.hlsl
pixelshader,lp_sm_i_omni_dfog_sat_r0c0n0s0px_sm3.hlsl
techset,mc_l_sm_heat_r0c0n0s0p0_sat
image,~ally_sniper_headgear_spc-rgb~54199fe4
image,ally_sniper_headgear_nml
image,ally_sniper_headgear_flir
image,ally_sniper_headgear_col
material,mc/mtl_delta_sniper_headgear
image,~delta_sniper_head_spc-rgb&de~362a84e0
image,delta_sniper_head_nml
image,chemwar_russian_head_a_flir
image,delta_sniper_head_col
material,mc/mtl_ally_sniper_head_a
vertexshader,lp_skin_fog_s_tc0_dtex_sm3.hlsl
pixelshader,lp_skin_fog_sat_r0c0s0_sm3.hlsl
vertexshader,lp_skin_dfog_s_tc0_dtex_sm3.hlsl
pixelshader,lp_skin_dfog_sat_r0c0s0_sm3.hlsl
vertexshader,lp_skin_sun_fog_s_tc0_dtex_sm3.hlsl
pixelshader,lp_skin_sun_fog_sat_r0c0s0_sm3.hlsl
vertexshader,lp_skin_sun_dfog_s_tc0_dtex_sm3.hlsl
pixelshader,lp_skin_sun_dfog_sat_r0c0s0_sm3.hlsl
vertexshader,lp_sm_skin_sun_fog_s_tc0_dtex_sm3.hlsl
pixelshader,lp_sm_skin_sun_fog_sat_r0c0s0_sm3.hlsl
vertexshader,lp_sm_skin_sun_dfog_s_tc0_dtex_sm3.hlsl
pixelshader,lp_sm_skin_sun_dfog_sat_r0c0s0_sm3.hlsl
vertexshader,lp_skin_omni_fog_s_tc0_dtex_sm3.hlsl
pixelshader,lp_skin_spot_fog_sat_r0c0s0_sm3.hlsl
vertexshader,lp_skin_omni_dfog_s_tc0_dtex_sm3.hlsl
pixelshader,lp_skin_spot_dfog_sat_r0c0s0_sm3.hlsl
vertexshader,lp_sm_skin_omni_fog_s_tc0_dtex_sm3.hlsl
pixelshader,lp_sm_skin_spot_fog_sat_r0c0s0_sm3.hlsl
vertexshader,lp_sm_skin_omni_dfog_s_tc0_dtex_sm3.hlsl
pixelshader,lp_sm_skin_spot_dfog_sat_r0c0s0_sm3.hlsl
pixelshader,lp_skin_omni_fog_sat_r0c0s0_sm3.hlsl
pixelshader,lp_skin_omni_dfog_sat_r0c0s0_sm3.hlsl
pixelshader,lp_sm_skin_omni_fog_sat_r0c0s0_sm3.hlsl
pixelshader,lp_sm_skin_omni_dfog_sat_r0c0s0_sm3.hlsl
vertexshader,lp_i_skin_fog_s_tc0_dtex_sm3.hlsl
pixelshader,lp_i_skin_fog_sat_r0c0s0_sm3.hlsl
vertexshader,lp_i_skin_dfog_s_tc0_dtex_sm3.hlsl
pixelshader,lp_i_skin_dfog_sat_r0c0s0_sm3.hlsl
vertexshader,lp_i_skin_sun_fog_s_tc0_dtex_sm3.hlsl
pixelshader,lp_i_skin_sun_fog_sat_r0c0s0_sm3.hlsl
vertexshader,lp_i_skin_sun_dfog_s_tc0_dtex_sm3.hlsl
pixelshader,lp_i_skin_sun_dfog_sat_r0c0s0_sm3.hlsl
vertexshader,lp_sm_i_skin_sun_fog_s_tc0_dtex_sm3.hlsl
pixelshader,lp_sm_i_skin_sun_fog_sat_r0c0s0_sm3.hlsl
vertexshader,lp_sm_i_skin_sun_dfog_s_tc0_dtex_sm3.hlsl
pixelshader,lp_sm_i_skin_sun_dfog_sat_r0c0s0_sm3.hlsl
vertexshader,lp_i_skin_omni_fog_s_tc0_dtex_sm3.hlsl
pixelshader,lp_i_skin_spot_fog_sat_r0c0s0_sm3.hlsl
vertexshader,lp_i_skin_omni_dfog_s_tc0_dtex_sm3.hlsl
pixelshader,lp_i_skin_spot_dfog_sat_r0c0s0_sm3.hlsl
vertexshader,lp_sm_i_skin_omni_fog_s_tc0_dtex_sm3.hlsl
pixelshader,lp_sm_i_skin_spot_fog_sat_r0c0s0_sm3.hlsl
vertexshader,lp_sm_i_skin_omni_dfog_s_tc0_dtex_sm3.hlsl
pixelshader,lp_sm_i_skin_spot_dfog_sat_r0c0s0_sm3.hlsl
pixelshader,lp_i_skin_omni_fog_sat_r0c0s0_sm3.hlsl
pixelshader,lp_i_skin_omni_dfog_sat_r0c0s0_sm3.hlsl
pixelshader,lp_sm_i_skin_omni_fog_sat_r0c0s0_sm3.hlsl
pixelshader,lp_sm_i_skin_omni_dfog_sat_r0c0s0_sm3.hlsl
vertexshader,l_point_skin_tc0_dtex.hlsl
pixelshader,l_spot_skin_r0c0.hlsl
pixelshader,l_omni_skin_r0c0.hlsl
vertexshader,l_point_skin_sm_tc0_dtex.hlsl
pixelshader,l_spot_skin_sm_r0c0.hlsl
techset,mc_l_sm_skin_r0c0s0_sat
image,~tank_eye_a_spc-r18g18b18&tan~3a97523f
image,tank_eye_a_col
material,mc/mtl_tank_eye_a
xmodelsurfs,iw5_ally_sniper_head_lod010
xmodelsurfs,iw5_ally_sniper_head_lod110
xmodelsurfs,iw5_ally_sniper_head_lod210
xmodelsurfs,iw5_ally_sniper_head_lod310
xmodel,head_ally_delta_sniper
image,~ally_sniper_loadout_spc-rgb&~39607e39
image,ally_sniper_loadout_nml
image,ally_sniper_loadout_flir
image,ally_sniper_loadout_col
material,mc/mtl_sniper_loudout_a
pixelshader,lp_fog_sat_r0c0s0_sm3.hlsl
pixelshader,lp_dfog_sat_r0c0s0_sm3.hlsl
pixelshader,lp_sun_fog_sat_r0c0s0_sm3.hlsl
pixelshader,lp_sun_dfog_sat_r0c0s0_sm3.hlsl
pixelshader,lp_sm_sun_fog_sat_r0c0s0_sm3.hlsl
pixelshader,lp_sm_sun_dfog_sat_r0c0s0_sm3.hlsl
pixelshader,lp_spot_fog_sat_r0c0s0_sm3.hlsl
pixelshader,lp_spot_dfog_sat_r0c0s0_sm3.hlsl
pixelshader,lp_sm_spot_fog_sat_r0c0s0_sm3.hlsl
pixelshader,lp_sm_spot_dfog_sat_r0c0s0_sm3.hlsl
pixelshader,lp_omni_fog_sat_r0c0s0_sm3.hlsl
pixelshader,lp_omni_dfog_sat_r0c0s0_sm3.hlsl
pixelshader,lp_sm_omni_fog_sat_r0c0s0_sm3.hlsl
pixelshader,lp_sm_omni_dfog_sat_r0c0s0_sm3.hlsl
pixelshader,lp_i_fog_sat_r0c0s0_sm3.hlsl
pixelshader,lp_i_dfog_sat_r0c0s0_sm3.hlsl
pixelshader,lp_i_sun_fog_sat_r0c0s0_sm3.hlsl
pixelshader,lp_i_sun_dfog_sat_r0c0s0_sm3.hlsl
pixelshader,lp_sm_i_sun_fog_sat_r0c0s0_sm3.hlsl
pixelshader,lp_sm_i_sun_dfog_sat_r0c0s0_sm3.hlsl
pixelshader,lp_i_spot_fog_sat_r0c0s0_sm3.hlsl
pixelshader,lp_i_spot_dfog_sat_r0c0s0_sm3.hlsl
pixelshader,lp_sm_i_spot_fog_sat_r0c0s0_sm3.hlsl
pixelshader,lp_sm_i_spot_dfog_sat_r0c0s0_sm3.hlsl
pixelshader,lp_i_omni_fog_sat_r0c0s0_sm3.hlsl
pixelshader,lp_i_omni_dfog_sat_r0c0s0_sm3.hlsl
pixelshader,lp_sm_i_omni_fog_sat_r0c0s0_sm3.hlsl
pixelshader,lp_sm_i_omni_dfog_sat_r0c0s0_sm3.hlsl
techset,mc_l_sm_r0c0s0_sat
image,~mtl_weapon_colt1911_spec-r18~ad330beb
image,mtl_weapon_colt1911_col
material,mc/mtl_weapon_colt1911
image,~sandman_delta_lowerbody_spc-~a0961c0f
image,sandman_delta_lowerbody_nml
image,sandman_delta_lowerbody_flir
image,sandman_delta_lowerbody_col
material,mc/mtl_sandman_delta_lowerbody
image,~delta_elite_snow_upperbody_v~b1fea3f2
image,delta_elite_snow_upperbody_vest_nml
image,delta_elite_snow_upperbody_vest_flir
image,delta_elite_snow_upperbody_vest_col
material,mc/mtl_delta_elite_snow_upperbody_vest
image,~delta_sniper_upperbody_spc-r~47ed20e4
image,delta_sniper_upperbody_nml
image,delta_elite_snow_upperbody_a_flir
image,delta_sniper_upperbody_col
material,mc/mtl_delta_sniper_upperbody
xmodelsurfs,ally_sniper_body_lod030
xmodelsurfs,ally_sniper_body_lod130
xmodelsurfs,ally_sniper_body_lod230
xmodelsurfs,ally_sniper_body_lod330
xmodel,mp_body_ally_delta_sniper
image,russian_sniper_loadout_a_col
material,mc/mtl_russian_sniper_loudout_a
image,russian_sniper_lowerbody_a_col
material,mc/mtl_russian_urban_sniper_lowerbody
image,russian_sniper_upperbody_a_col
material,mc/mtl_russian_urban_sniper_upperbody
vertexshader,vertcol_simple_dtex.hlsl
pixelshader,vertcol_simple.hlsl
vertexshader,floatz_build_atest_dtex.hlsl
pixelshader,floatz_build_atest.hlsl
vertexshader,vertcol_simple_atest_dtex.hlsl
pixelshader,vertcol_simple_atest.hlsl
vertexshader,shadowmap_build_atest_dtex.hlsl
pixelshader,shadowmap_build_atest_sm3.hlsl
pixelshader,lp_fog_sat_t0c0n0s0px_sm3.hlsl
pixelshader,lp_dfog_sat_t0c0n0s0px_sm3.hlsl
pixelshader,lp_sun_fog_sat_t0c0n0s0px_sm3.hlsl
pixelshader,lp_sun_dfog_sat_t0c0n0s0px_sm3.hlsl
pixelshader,lp_sm_sun_fog_sat_t0c0n0s0px_sm3.hlsl
pixelshader,lp_sm_sun_dfog_sat_t0c0n0s0px_sm3.hlsl
pixelshader,lp_spot_fog_sat_t0c0n0s0px_sm3.hlsl
pixelshader,lp_spot_dfog_sat_t0c0n0s0px_sm3.hlsl
pixelshader,lp_sm_spot_fog_sat_t0c0n0s0px_sm3.hlsl
pixelshader,lp_sm_spot_dfog_sat_t0c0n0s0px_sm3.hlsl
pixelshader,lp_omni_fog_sat_t0c0n0s0px_sm3.hlsl
pixelshader,lp_omni_dfog_sat_t0c0n0s0px_sm3.hlsl
pixelshader,lp_sm_omni_fog_sat_t0c0n0s0px_sm3.hlsl
pixelshader,lp_sm_omni_dfog_sat_t0c0n0s0px_sm3.hlsl
pixelshader,lp_i_fog_sat_t0c0n0s0px_sm3.hlsl
pixelshader,lp_i_dfog_sat_t0c0n0s0px_sm3.hlsl
pixelshader,lp_i_sun_fog_sat_t0c0n0s0px_sm3.hlsl
pixelshader,lp_i_sun_dfog_sat_t0c0n0s0px_sm3.hlsl
pixelshader,lp_sm_i_sun_fog_sat_t0c0n0s0px_sm3.hlsl
pixelshader,lp_sm_i_sun_dfog_sat_t0c0n0s0px_sm3.hlsl
pixelshader,lp_i_spot_fog_sat_t0c0n0s0px_sm3.hlsl
pixelshader,lp_i_spot_dfog_sat_t0c0n0s0px_sm3.hlsl
pixelshader,lp_sm_i_spot_fog_sat_t0c0n0s0px_sm3.hlsl
pixelshader,lp_sm_i_spot_dfog_sat_t0c0n0s0px_sm3.hlsl
pixelshader,lp_i_omni_fog_sat_t0c0n0s0px_sm3.hlsl
pixelshader,lp_i_omni_dfog_sat_t0c0n0s0px_sm3.hlsl
pixelshader,lp_sm_i_omni_fog_sat_t0c0n0s0px_sm3.hlsl
pixelshader,lp_sm_i_omni_dfog_sat_t0c0n0s0px_sm3.hlsl
pixelshader,l_spot_t0c0n0.hlsl
pixelshader,l_omni_t0c0n0.hlsl
pixelshader,l_spot_sm_t0c0n0.hlsl
techset,mc_l_sm_heat_t0c0n0s0p0_sat
image,~sniper_ghillie_spc-r02g02b02~01d644ce
image,sniper_ghillie_nml
image,ghillie_flir
image,iw5_ghillie_urban_col
material,mc/mtl_iw5_ghillie_urban
xmodelsurfs,iw5_ally_ghillie_body_lod030
xmodelsurfs,iw5_ally_ghillie_body_lod130
xmodelsurfs,iw5_ally_ghillie_body_lod230
xmodelsurfs,iw5_ally_ghillie_body_lod330
xmodel,mp_body_ally_ghillie_urban_sniper
image,~sandman_delta_upperbody_spc-~0a8d32b3
image,sandman_delta_upperbody_nml
image,sandman_delta_upperbody_flir
image,sandman_delta_upperbody_col
material,mc/mtl_sandman_delta_upperbody_skin
material,mc/mtl_sandman_delta_upperbody
image,~sandman_delta_arms_spc-rgb&s~8e51d8f1
image,sandman_delta_arms_nml
image,sandman_delta_arms_flir
image,sandman_delta_arms_col
material,mc/mtl_sandman_delta_arm
image,~sandman_delta_loadout_spc-rg~c4155d48
image,sandman_delta_loadout_nml
image,sandman_delta_loadout_flir
image,sandman_delta_loadout_col
material,mc/mtl_sandman_delta_loadout
material,mc/mtl_sandman_delta_loadout_metal
xmodelsurfs,delta_elite_body_assault_aa_lod030
xmodelsurfs,delta_elite_body_assault_aa_lod130
xmodelsurfs,delta_elite_body_assault_aa_lod230
xmodelsurfs,delta_elite_body_assault_aa_lod330
xmodel,mp_body_delta_elite_assault_aa
xmodelsurfs,delta_elite_body_assault_ab_lod030
xmodelsurfs,delta_elite_body_assault_ab_lod130
xmodelsurfs,delta_elite_body_assault_ab_lod230
xmodelsurfs,delta_elite_body_assault_ab_lod330
xmodel,mp_body_delta_elite_assault_ab
xmodelsurfs,delta_elite_body_assault_ba_lod030
xmodelsurfs,delta_elite_body_assault_ba_lod130
xmodelsurfs,delta_elite_body_assault_ba_lod230
xmodelsurfs,delta_elite_body_assault_ba_lod330
xmodel,mp_body_delta_elite_assault_ba
xmodelsurfs,delta_elite_body_assault_bb_lod030
xmodelsurfs,delta_elite_body_assault_bb_lod130
xmodelsurfs,delta_elite_body_assault_bb_lod230
xmodelsurfs,delta_elite_body_assault_bb_lod330
xmodel,mp_body_delta_elite_assault_bb
xmodelsurfs,delta_elite_body_lmg_a_lod030
xmodelsurfs,delta_elite_body_lmg_a_lod130
xmodelsurfs,delta_elite_body_lmg_a_lod230
xmodelsurfs,delta_elite_body_lmg_a_lod330
xmodel,mp_body_delta_elite_lmg_a
xmodelsurfs,delta_elite_body_lmg_b_lod030
xmodelsurfs,delta_elite_body_lmg_b_lod130
xmodelsurfs,delta_elite_body_lmg_b_lod230
xmodelsurfs,delta_elite_body_lmg_b_lod330
xmodel,mp_body_delta_elite_lmg_b
xmodelsurfs,delta_elite_body_shotgun_a_lod030
xmodelsurfs,delta_elite_body_shotgun_a_lod130
xmodelsurfs,delta_elite_body_shotgun_a_lod230
xmodelsurfs,delta_elite_body_shotgun_a_lod330
xmodel,mp_body_delta_elite_shotgun_a
xmodelsurfs,delta_elite_body_smg_a_lod030
xmodelsurfs,delta_elite_body_smg_a_lod130
xmodelsurfs,delta_elite_body_smg_a_lod230
xmodelsurfs,delta_elite_body_smg_a_lod330
xmodel,mp_body_delta_elite_smg_a
xmodelsurfs,delta_elite_body_smg_b_lod030
xmodelsurfs,delta_elite_body_smg_b_lod130
xmodelsurfs,delta_elite_body_smg_b_lod230
xmodelsurfs,delta_elite_body_smg_b_lod330
xmodel,mp_body_delta_elite_smg_b
techset,mc_l_sm_r0c0n0s0p0_sat
image,~viewmodel_ghillie_glove_spc-~fba37a81
image,viewmodel_ghillie_glove_nml
image,viewmodel_ghillie_urban_glove_col
material,mc/mtl_viewmodel_ghillie_urban_glove
image,~viewmodel_russian_sleeve_spc~59551931
image,viewmodel_russian_sleeve_nml_a
image,viewmodel_russian_sleeve_col_a
material,mc/mtl_viewmodel_russian_sleeve_a
xmodelsurfs,viewhands_ghillie_sniper40
xmodel,viewhands_iw5_ghillie_urban
image,~viewmodel_delta_sleeve_spc-r~3bcb3228
image,viewmodel_delta_sleeve_nml
image,viewmodel_delta_sleeve_col
material,mc/mtl_viewmodel_delta_sleeve
image,~viewmodel_delta_alpha_spc-rg~87ecfe54
image,viewmodel_delta_alpha_nml
image,viewmodel_delta_alpha_col
material,mc/mtl_viewmodel_delta_alpha
image,~viewmodel_delta_glove_spc-rg~bc20b282
image,viewmodel_delta_glove_nml
image,viewmodel_delta_glove_col
material,mc/mtl_viewmodel_delta_glove
xmodelsurfs,viewhands_delta40
xmodel,viewhands_delta
vertexshader,lp_fog_tc0_dtex_sm3.hlsl
pixelshader,lp_fog_sat_b0c0px_sm3.hlsl
vertexshader,lp_dfog_tc0_dtex_sm3.hlsl
pixelshader,lp_dfog_sat_b0c0px_sm3.hlsl
vertexshader,lp_sun_fog_tc0_dtex_sm3.hlsl
pixelshader,lp_sun_fog_sat_b0c0px_sm3.hlsl
vertexshader,lp_sun_dfog_tc0_dtex_sm3.hlsl
pixelshader,lp_sun_dfog_sat_b0c0px_sm3.hlsl
vertexshader,lp_sm_sun_fog_tc0_dtex_sm3.hlsl
pixelshader,lp_sm_sun_fog_sat_b0c0px_sm3.hlsl
vertexshader,lp_sm_sun_dfog_tc0_dtex_sm3.hlsl
pixelshader,lp_sm_sun_dfog_sat_b0c0px_sm3.hlsl
vertexshader,lp_omni_fog_tc0_dtex_sm3.hlsl
pixelshader,lp_spot_fog_sat_b0c0px_sm3.hlsl
vertexshader,lp_omni_dfog_tc0_dtex_sm3.hlsl
pixelshader,lp_spot_dfog_sat_b0c0px_sm3.hlsl
vertexshader,lp_sm_omni_fog_tc0_dtex_sm3.hlsl
pixelshader,lp_sm_spot_fog_sat_b0c0px_sm3.hlsl
vertexshader,lp_sm_omni_dfog_tc0_dtex_sm3.hlsl
pixelshader,lp_sm_spot_dfog_sat_b0c0px_sm3.hlsl
pixelshader,lp_omni_fog_sat_b0c0px_sm3.hlsl
pixelshader,lp_omni_dfog_sat_b0c0px_sm3.hlsl
pixelshader,lp_sm_omni_fog_sat_b0c0px_sm3.hlsl
pixelshader,lp_sm_omni_dfog_sat_b0c0px_sm3.hlsl
vertexshader,lp_i_fog_tc0_dtex_sm3.hlsl
pixelshader,lp_i_fog_sat_b0c0px_sm3.hlsl
vertexshader,lp_i_dfog_tc0_dtex_sm3.hlsl
pixelshader,lp_i_dfog_sat_b0c0px_sm3.hlsl
vertexshader,lp_i_sun_fog_tc0_dtex_sm3.hlsl
pixelshader,lp_i_sun_fog_sat_b0c0px_sm3.hlsl
vertexshader,lp_i_sun_dfog_tc0_dtex_sm3.hlsl
pixelshader,lp_i_sun_dfog_sat_b0c0px_sm3.hlsl
vertexshader,lp_sm_i_sun_fog_tc0_dtex_sm3.hlsl
pixelshader,lp_sm_i_sun_fog_sat_b0c0px_sm3.hlsl
vertexshader,lp_sm_i_sun_dfog_tc0_dtex_sm3.hlsl
pixelshader,lp_sm_i_sun_dfog_sat_b0c0px_sm3.hlsl
vertexshader,lp_i_omni_fog_tc0_dtex_sm3.hlsl
pixelshader,lp_i_spot_fog_sat_b0c0px_sm3.hlsl
vertexshader,lp_i_omni_dfog_tc0_dtex_sm3.hlsl
pixelshader,lp_i_spot_dfog_sat_b0c0px_sm3.hlsl
vertexshader,lp_sm_i_omni_fog_tc0_dtex_sm3.hlsl
pixelshader,lp_sm_i_spot_fog_sat_b0c0px_sm3.hlsl
vertexshader,lp_sm_i_omni_dfog_tc0_dtex_sm3.hlsl
pixelshader,lp_sm_i_spot_dfog_sat_b0c0px_sm3.hlsl
pixelshader,lp_i_omni_fog_sat_b0c0px_sm3.hlsl
pixelshader,lp_i_omni_dfog_sat_b0c0px_sm3.hlsl
pixelshader,lp_sm_i_omni_fog_sat_b0c0px_sm3.hlsl
pixelshader,lp_sm_i_omni_dfog_sat_b0c0px_sm3.hlsl
pixelshader,l_spot_b0c0.hlsl
pixelshader,l_omni_b0c0.hlsl
pixelshader,l_spot_sm_b0c0.hlsl
techset,mc_l_sm_b0c0p0_sat
image,plastic_case_dummy_col
material,mc/mtl_plastic_case_dummy
pixelshader,lp_fog_sat_b0c0_sm3.hlsl
pixelshader,lp_dfog_sat_b0c0_sm3.hlsl
pixelshader,lp_sun_fog_sat_b0c0_sm3.hlsl
pixelshader,lp_sun_dfog_sat_b0c0_sm3.hlsl
pixelshader,lp_sm_sun_fog_sat_b0c0_sm3.hlsl
pixelshader,lp_sm_sun_dfog_sat_b0c0_sm3.hlsl
pixelshader,lp_spot_fog_sat_b0c0_sm3.hlsl
pixelshader,lp_spot_dfog_sat_b0c0_sm3.hlsl
pixelshader,lp_sm_spot_fog_sat_b0c0_sm3.hlsl
pixelshader,lp_sm_spot_dfog_sat_b0c0_sm3.hlsl
pixelshader,lp_omni_fog_sat_b0c0_sm3.hlsl
pixelshader,lp_omni_dfog_sat_b0c0_sm3.hlsl
pixelshader,lp_sm_omni_fog_sat_b0c0_sm3.hlsl
pixelshader,lp_sm_omni_dfog_sat_b0c0_sm3.hlsl
pixelshader,lp_i_fog_sat_b0c0_sm3.hlsl
pixelshader,lp_i_dfog_sat_b0c0_sm3.hlsl
pixelshader,lp_i_sun_fog_sat_b0c0_sm3.hlsl
pixelshader,lp_i_sun_dfog_sat_b0c0_sm3.hlsl
pixelshader,lp_sm_i_sun_fog_sat_b0c0_sm3.hlsl
pixelshader,lp_sm_i_sun_dfog_sat_b0c0_sm3.hlsl
pixelshader,lp_i_spot_fog_sat_b0c0_sm3.hlsl
pixelshader,lp_i_spot_dfog_sat_b0c0_sm3.hlsl
pixelshader,lp_sm_i_spot_fog_sat_b0c0_sm3.hlsl
pixelshader,lp_sm_i_spot_dfog_sat_b0c0_sm3.hlsl
pixelshader,lp_i_omni_fog_sat_b0c0_sm3.hlsl
pixelshader,lp_i_omni_dfog_sat_b0c0_sm3.hlsl
pixelshader,lp_sm_i_omni_fog_sat_b0c0_sm3.hlsl
pixelshader,lp_sm_i_omni_dfog_sat_b0c0_sm3.hlsl
techset,mc_l_sm_b0c0_sat
image,faction_128_delta_crate
material,mc/mtl_plastic_case_logo_delta
xmodelsurfs,plastic_case_big_us_dirt_lod011
physpreset,airdrop_crate_big
xmodel,com_plasticcase_delta
image,~plastic_case_big_us_dirt_spc~321ccf79
image,plastic_big_case_nml
image,plastic_case_big_green_us_dirt_col
material,mc/mtl_plastic_case_green_big_us_dirt
pixelshader,lp_fog_sat_t0c0_sm3.hlsl
pixelshader,lp_dfog_sat_t0c0_sm3.hlsl
pixelshader,lp_sun_fog_sat_t0c0_sm3.hlsl
pixelshader,lp_sun_dfog_sat_t0c0_sm3.hlsl
pixelshader,lp_sm_sun_fog_sat_t0c0_sm3.hlsl
pixelshader,lp_sm_sun_dfog_sat_t0c0_sm3.hlsl
pixelshader,lp_spot_fog_sat_t0c0_sm3.hlsl
pixelshader,lp_spot_dfog_sat_t0c0_sm3.hlsl
pixelshader,lp_sm_spot_fog_sat_t0c0_sm3.hlsl
pixelshader,lp_sm_spot_dfog_sat_t0c0_sm3.hlsl
pixelshader,lp_omni_fog_sat_t0c0_sm3.hlsl
pixelshader,lp_omni_dfog_sat_t0c0_sm3.hlsl
pixelshader,lp_sm_omni_fog_sat_t0c0_sm3.hlsl
pixelshader,lp_sm_omni_dfog_sat_t0c0_sm3.hlsl
pixelshader,lp_i_fog_sat_t0c0_sm3.hlsl
pixelshader,lp_i_dfog_sat_t0c0_sm3.hlsl
pixelshader,lp_i_sun_fog_sat_t0c0_sm3.hlsl
pixelshader,lp_i_sun_dfog_sat_t0c0_sm3.hlsl
pixelshader,lp_sm_i_sun_fog_sat_t0c0_sm3.hlsl
pixelshader,lp_sm_i_sun_dfog_sat_t0c0_sm3.hlsl
pixelshader,lp_i_spot_fog_sat_t0c0_sm3.hlsl
pixelshader,lp_i_spot_dfog_sat_t0c0_sm3.hlsl
pixelshader,lp_sm_i_spot_fog_sat_t0c0_sm3.hlsl
pixelshader,lp_sm_i_spot_dfog_sat_t0c0_sm3.hlsl
pixelshader,lp_i_omni_fog_sat_t0c0_sm3.hlsl
pixelshader,lp_i_omni_dfog_sat_t0c0_sm3.hlsl
pixelshader,lp_sm_i_omni_fog_sat_t0c0_sm3.hlsl
pixelshader,lp_sm_i_omni_dfog_sat_t0c0_sm3.hlsl
pixelshader,l_spot_t0c0.hlsl
pixelshader,l_omni_t0c0.hlsl
pixelshader,l_spot_sm_t0c0.hlsl
techset,mc_l_sm_t0c0_sat
image,plastic_case_big_text_col
material,mc/mtl_plastic_case_big_text
xmodelsurfs,plastic_case_big_us_dirt_static_lod001
xmodelsurfs,plastic_case_big_us_dirt_static_lod100
xmodelsurfs,plastic_case_big_us_dirt_static_lod200
xmodelsurfs,plastic_case_big_us_dirt_static_lod310
physpreset,plastic_case_big
xmodel,com_plasticcase_green_big_us_dirt
vertexshader,vertcol_simple_vs_fog_dtex.hlsl
pixelshader,vertcol_simple_ps_fog.hlsl
vertexshader,vertcol_simple_vs_dfog_dtex.hlsl
pixelshader,vertcol_simple_ps_dfog.hlsl
techset,effect_blend
image,headicon_delta
material,headicon_delta
vertexshader,trivial_vertcol_simple.hlsl
pixelshader,trivial_vertcol_simple.hlsl
techset,2d
image,faction_128_delta_fade
material,faction_128_delta_fade
image,faction_128_delta
material,faction_128_delta
vertexshader,vertcol_simple_atest_flag_dtex.hlsl
vertexshader,shadowmap_build_atest_flag_dtex.hlsl
vertexshader,vertcol_simple_fog_flag_dtex.hlsl
vertexshader,lp_flag_fog_s_tc0n0_dtex_sm3.hlsl
pixelshader,lp_flag_fog_sat_t0c0n0s0_sm3.hlsl
vertexshader,lp_flag_dfog_s_tc0n0_dtex_sm3.hlsl
pixelshader,lp_flag_dfog_sat_t0c0n0s0_sm3.hlsl
vertexshader,lp_flag_sun_fog_s_tc0n0_dtex_sm3.hlsl
pixelshader,lp_flag_sun_fog_sat_t0c0n0s0_sm3.hlsl
vertexshader,lp_flag_sun_dfog_s_tc0n0_dtex_sm3.hlsl
pixelshader,lp_flag_sun_dfog_sat_t0c0n0s0_sm3.hlsl
vertexshader,lp_sm_flag_sun_fog_s_tc0n0_dtex_sm3.hlsl
pixelshader,lp_sm_flag_sun_fog_sat_t0c0n0s0_sm3.hlsl
vertexshader,lp_sm_flag_sun_dfog_s_tc0n0_dtex_sm3.hlsl
pixelshader,lp_sm_flag_sun_dfog_sat_t0c0n0s0_sm3.hlsl
vertexshader,lp_flag_omni_fog_s_tc0n0_dtex_sm3.hlsl
pixelshader,lp_flag_spot_fog_sat_t0c0n0s0_sm3.hlsl
vertexshader,lp_flag_omni_dfog_s_tc0n0_dtex_sm3.hlsl
pixelshader,lp_flag_spot_dfog_sat_t0c0n0s0_sm3.hlsl
vertexshader,lp_sm_flag_omni_fog_s_tc0n0_dtex_sm3.hlsl
pixelshader,lp_sm_flag_spot_fog_sat_t0c0n0s0_sm3.hlsl
vertexshader,lp_sm_flag_omni_dfog_s_tc0n0_dtex_sm3.hlsl
pixelshader,lp_sm_flag_spot_dfog_sat_t0c0n0s0_sm3.hlsl
pixelshader,lp_flag_omni_fog_sat_t0c0n0s0_sm3.hlsl
pixelshader,lp_flag_omni_dfog_sat_t0c0n0s0_sm3.hlsl
pixelshader,lp_sm_flag_omni_fog_sat_t0c0n0s0_sm3.hlsl
pixelshader,lp_sm_flag_omni_dfog_sat_t0c0n0s0_sm3.hlsl
vertexshader,l_point_flag_tc0n0_dtex.hlsl
pixelshader,l_spot_flag_t0c0n0.hlsl
pixelshader,l_omni_flag_t0c0n0.hlsl
vertexshader,l_point_flag_sm_tc0n0_dtex.hlsl
pixelshader,l_spot_flag_sm_t0c0n0.hlsl
vertexshader,vertcol_untextured_flag_dtex_nofog.hlsl
techset,mc_l_sm_flag_t0c0n0s0_sat
image,~flag_delta_spc-rgb&flag_delt~6f741422
image,flag_delta_nml
image,flag_delta_col
material,mc/mtl_flag_delta
xmodelsurfs,flag2_lod000
xmodelsurfs,flag2_lod100
xmodel,prop_flag_delta
xmodelsurfs,flag_carry00
xmodel,prop_flag_delta_carry
image,objpoint_flag_delta
material,objpoint_flag_delta
rawfile,team_delta_multicam
image,~russian_military_head_a_spc-~8be37c2b
image,russian_military_head_a_nml
image,russian_military_head_a_flir
image,russian_military_head_a_col
material,mc/mtl_russian_military_head_a
techset,mc_l_sm_heat_r0c0s0_sat
image,~russian_military_eye_a_spc-r~07b6a6c2
image,russian_military_eye_a_col
material,mc/mtl_russian_military_eye_a
image,~russian_military_headgear_g_~533c21a8
image,russian_military_headgear_g_nml
image,russian_military_headgear_g_flir
image,russian_military_headgear_g_col
material,mc/mtl_russian_military_headgear_g
image,~russian_military_headgear_a_~a5d01d49
image,russian_military_headgear_a_nml
image,russian_military_headgear_a_flir
image,russian_military_headgear_a_col
material,mc/mtl_russian_military_headgear_a
image,~russian_military_alpha_a_spc~61b6f40c
image,russian_military_alpha_a_nml
image,russian_military_alpha_a_col
material,mc/mtl_russian_military_alpha_a
xmodelsurfs,russian_military_head_aa_lod010
xmodelsurfs,russian_military_head_aa_lod110
xmodelsurfs,russian_military_head_aa_lod210
xmodelsurfs,russian_military_head_aa_lod310
xmodel,head_russian_military_aa
image,russian_military_eye_b_col
material,mc/mtl_russian_military_eye_b
image,~russian_military_head_b_spc-~c808c73d
image,russian_military_head_b_nml
image,russian_military_head_b_col
material,mc/mtl_russian_military_head_b
image,~russian_military_smg_a_spc-r~cb6ac2d1
image,russian_military_smg_a_nml
image,russian_military_smg_a_flir
image,russian_military_smg_a_col
material,mc/mtl_russian_military_smg_a
image,~chemwar_russian_headgear_b_s~26be2afb
image,chemwar_russian_headgear_b_nml
image,chemwar_russian_headgear_b_flir
image,chemwar_russian_headgear_b_col
material,mc/mtl_chemwar_russian_headgear_b
image,~chemwar_russian_alpha_a_spc-~b33ebc5a
image,chemwar_russian_alpha_a_nml
image,chemwar_russian_alpha_a_col
material,mc/mtl_chemwar_russian_alpha_a
image,~chemwar_russian_headgear_b_s~fa37bd53
material,mc/mtl_chemwar_russian_headgear_b_mtl
image,~chemwar_russian_load_outs_a_~ad8279a5
image,chemwar_russian_load_outs_a_nml
image,chemwar_russian_load_outs_a_col
material,mc/mtl_chemwar_russian_assault_a_mtl
image,~chemwar_russian_headgear_a_s~ac35ac89
image,chemwar_russian_headgear_a_nml
image,chemwar_russian_headgear_a_flir
image,chemwar_russian_headgear_a_col
material,mc/mtl_chemwar_russian_headgear_a
image,~russian_military_shotgun_a_s~f7f003ff
image,russian_military_shotgun_a_nml
image,russian_military_shotgun_a_flir
image,russian_military_shotgun_a_col
material,mc/mtl_russian_military_shotgun_a
image,~russian_military_headgear_b_~66ddb79d
image,russian_military_headgear_b_nml
image,russian_military_headgear_b_flir
image,russian_military_headgear_b_col
material,mc/mtl_russian_military_headgear_b
xmodelsurfs,russian_military_head_bb_lod010
xmodelsurfs,russian_military_head_bb_lod110
xmodelsurfs,russian_military_head_bb_lod210
xmodelsurfs,russian_military_head_bb_lod310
xmodel,head_russian_military_bb
image,~russian_military_head_c_spc-~c891d082
image,russian_military_head_c_nml
image,russian_military_head_c_col
material,mc/mtl_russian_military_head_c
image,~russian_military_head_d_spc-~66e53c88
image,russian_military_head_d_nml
image,russian_military_head_d_flir
image,russian_military_head_d_col
material,mc/mtl_russian_military_head_d
xmodelsurfs,russian_military_head_d_lod010
xmodelsurfs,russian_military_head_d_lod110
xmodelsurfs,russian_military_head_d_lod210
xmodelsurfs,russian_military_head_d_lod310
xmodel,head_russian_military_d
vertexshader,lp_skin_fog_s_tc0n0_dtex_sm3.hlsl
pixelshader,lp_skin_fog_sat_r0c0n0s0_sm3.hlsl
vertexshader,lp_skin_dfog_s_tc0n0_dtex_sm3.hlsl
pixelshader,lp_skin_dfog_sat_r0c0n0s0_sm3.hlsl
vertexshader,lp_skin_sun_fog_s_tc0n0_dtex_sm3.hlsl
pixelshader,lp_skin_sun_fog_sat_r0c0n0s0_sm3.hlsl
vertexshader,lp_skin_sun_dfog_s_tc0n0_dtex_sm3.hlsl
pixelshader,lp_skin_sun_dfog_sat_r0c0n0s0_sm3.hlsl
vertexshader,lp_sm_skin_sun_fog_s_tc0n0_dtex_sm3.hlsl
pixelshader,lp_sm_skin_sun_fog_sat_r0c0n0s0_sm3.hlsl
vertexshader,lp_sm_skin_sun_dfog_s_tc0n0_dtex_sm3.hlsl
pixelshader,lp_sm_skin_sun_dfog_sat_r0c0n0s0_sm3.hlsl
vertexshader,lp_skin_omni_fog_s_tc0n0_dtex_sm3.hlsl
pixelshader,lp_skin_spot_fog_sat_r0c0n0s0_sm3.hlsl
vertexshader,lp_skin_omni_dfog_s_tc0n0_dtex_sm3.hlsl
pixelshader,lp_skin_spot_dfog_sat_r0c0n0s0_sm3.hlsl
vertexshader,lp_sm_skin_omni_fog_s_tc0n0_dtex_sm3.hlsl
pixelshader,lp_sm_skin_spot_fog_sat_r0c0n0s0_sm3.hlsl
vertexshader,lp_sm_skin_omni_dfog_s_tc0n0_dtex_sm3.hlsl
pixelshader,lp_sm_skin_spot_dfog_sat_r0c0n0s0_sm3.hlsl
pixelshader,lp_skin_omni_fog_sat_r0c0n0s0_sm3.hlsl
pixelshader,lp_skin_omni_dfog_sat_r0c0n0s0_sm3.hlsl
pixelshader,lp_sm_skin_omni_fog_sat_r0c0n0s0_sm3.hlsl
pixelshader,lp_sm_skin_omni_dfog_sat_r0c0n0s0_sm3.hlsl
vertexshader,lp_i_skin_fog_s_tc0n0_dtex_sm3.hlsl
pixelshader,lp_i_skin_fog_sat_r0c0n0s0_sm3.hlsl
vertexshader,lp_i_skin_dfog_s_tc0n0_dtex_sm3.hlsl
pixelshader,lp_i_skin_dfog_sat_r0c0n0s0_sm3.hlsl
vertexshader,lp_i_skin_sun_fog_s_tc0n0_dtex_sm3.hlsl
pixelshader,lp_i_skin_sun_fog_sat_r0c0n0s0_sm3.hlsl
vertexshader,lp_i_skin_sun_dfog_s_tc0n0_dtex_sm3.hlsl
pixelshader,lp_i_skin_sun_dfog_sat_r0c0n0s0_sm3.hlsl
vertexshader,lp_sm_i_skin_sun_fog_s_tc0n0_dtex_sm3.hlsl
pixelshader,lp_sm_i_skin_sun_fog_sat_r0c0n0s0_sm3.hlsl
vertexshader,lp_sm_i_skin_sun_dfog_s_tc0n0_dtex_sm3.hlsl
pixelshader,lp_sm_i_skin_sun_dfog_sat_r0c0n0s0_sm3.hlsl
vertexshader,lp_i_skin_omni_fog_s_tc0n0_dtex_sm3.hlsl
pixelshader,lp_i_skin_spot_fog_sat_r0c0n0s0_sm3.hlsl
vertexshader,lp_i_skin_omni_dfog_s_tc0n0_dtex_sm3.hlsl
pixelshader,lp_i_skin_spot_dfog_sat_r0c0n0s0_sm3.hlsl
vertexshader,lp_sm_i_skin_omni_fog_s_tc0n0_dtex_sm3.hlsl
pixelshader,lp_sm_i_skin_spot_fog_sat_r0c0n0s0_sm3.hlsl
vertexshader,lp_sm_i_skin_omni_dfog_s_tc0n0_dtex_sm3.hlsl
pixelshader,lp_sm_i_skin_spot_dfog_sat_r0c0n0s0_sm3.hlsl
pixelshader,lp_i_skin_omni_fog_sat_r0c0n0s0_sm3.hlsl
pixelshader,lp_i_skin_omni_dfog_sat_r0c0n0s0_sm3.hlsl
pixelshader,lp_sm_i_skin_omni_fog_sat_r0c0n0s0_sm3.hlsl
pixelshader,lp_sm_i_skin_omni_dfog_sat_r0c0n0s0_sm3.hlsl
vertexshader,l_point_skin_tc0n0_dtex.hlsl
pixelshader,l_spot_skin_r0c0n0.hlsl
pixelshader,l_omni_skin_r0c0n0.hlsl
vertexshader,l_point_skin_sm_tc0n0_dtex.hlsl
pixelshader,l_spot_skin_sm_r0c0n0.hlsl
techset,mc_l_sm_skin_r0c0n0s0_sat
image,~chemwar_russian_head_d_spc-r~91660037
image,chemwar_russian_head_d_nml
image,chemwar_russian_head_d_col
material,mc/mtl_chemwar_russian_headskin_a
image,~chemwar_russian_alpha_a_spc-~9b41d419
material,mc/mtl_chemwar_russian_alpha_b
xmodelsurfs,russian_military_head_f_lod010
xmodelsurfs,russian_military_head_f_lod110
xmodelsurfs,russian_military_head_f_lod210
xmodelsurfs,russian_military_head_f_lod310
xmodel,head_russian_military_f
image,~op_force_sniper_head_spc-rgb~1be6ab3b
image,chemwar_russian_head_a_nml
image,russian_air_head_col
material,mc/mtl_russian_air_sniper_head
image,~chemwar_russian_eye_a_spc-r1~ee74ac9a
image,chemwar_russian_eye_a_col
material,mc/mtl_chemwar_russian_eye_a
image,~op_force_sniper_headgear_b_s~558bebbb
image,op_force_sniper_headgear_b_nml
image,african_malitia_sniper_headgear_b_flir
image,russian_air_sniper_headgear_b_col
material,mc/mtl_russian_air_sniper_headgear_b
image,~african_malitia_sniper_headg~1f1af34a
image,african_malitia_sniper_headgear_a_nml
image,african_malitia_sniper_headgear_a_flir
image,russian_air_sniper_headgear_a_col
material,mc/mtl_russian_air_sniper_headgear_a
pixelshader,lp_fog_sat_r0c0_sm3.hlsl
pixelshader,lp_dfog_sat_r0c0_sm3.hlsl
pixelshader,lp_sun_fog_sat_r0c0_sm3.hlsl
pixelshader,lp_sun_dfog_sat_r0c0_sm3.hlsl
pixelshader,lp_sm_sun_fog_sat_r0c0_sm3.hlsl
pixelshader,lp_sm_sun_dfog_sat_r0c0_sm3.hlsl
pixelshader,lp_spot_fog_sat_r0c0_sm3.hlsl
pixelshader,lp_spot_dfog_sat_r0c0_sm3.hlsl
pixelshader,lp_sm_spot_fog_sat_r0c0_sm3.hlsl
pixelshader,lp_sm_spot_dfog_sat_r0c0_sm3.hlsl
pixelshader,lp_omni_fog_sat_r0c0_sm3.hlsl
pixelshader,lp_omni_dfog_sat_r0c0_sm3.hlsl
pixelshader,lp_sm_omni_fog_sat_r0c0_sm3.hlsl
pixelshader,lp_sm_omni_dfog_sat_r0c0_sm3.hlsl
pixelshader,lp_i_fog_sat_r0c0_sm3.hlsl
pixelshader,lp_i_dfog_sat_r0c0_sm3.hlsl
pixelshader,lp_i_sun_fog_sat_r0c0_sm3.hlsl
pixelshader,lp_i_sun_dfog_sat_r0c0_sm3.hlsl
pixelshader,lp_sm_i_sun_fog_sat_r0c0_sm3.hlsl
pixelshader,lp_sm_i_sun_dfog_sat_r0c0_sm3.hlsl
pixelshader,lp_i_spot_fog_sat_r0c0_sm3.hlsl
pixelshader,lp_i_spot_dfog_sat_r0c0_sm3.hlsl
pixelshader,lp_sm_i_spot_fog_sat_r0c0_sm3.hlsl
pixelshader,lp_sm_i_spot_dfog_sat_r0c0_sm3.hlsl
pixelshader,lp_i_omni_fog_sat_r0c0_sm3.hlsl
pixelshader,lp_i_omni_dfog_sat_r0c0_sm3.hlsl
pixelshader,lp_sm_i_omni_fog_sat_r0c0_sm3.hlsl
pixelshader,lp_sm_i_omni_dfog_sat_r0c0_sm3.hlsl
techset,mc_l_sm_r0c0_sat
image,grey
material,mc/lambert1
xmodelsurfs,op_force_africa_sniper_head_lod010
xmodelsurfs,op_force_africa_sniper_head_lod110
xmodelsurfs,op_force_africa_sniper_head_lod210
xmodelsurfs,op_force_africa_sniper_head_lod310
xmodel,head_opforce_russian_air_sniper
image,africa_sniper_head_col
material,mc/mtl_africa_sniper_head
image,russian_urban_sniper_headgear_b_col
material,mc/mtl_russian_urban_sniper_headgear_b
image,russian_urban_sniper_headgear_a_col
material,mc/mtl_russian_urban_sniper_headgear_a
xmodel,head_opforce_russian_urban_sniper
xmodelsurfs,op_force_ghillie_body_lod030
xmodelsurfs,op_force_ghillie_body_lod130
xmodelsurfs,op_force_ghillie_body_lod230
xmodelsurfs,op_force_ghillie_body_lod330
xmodel,mp_body_opforce_ghillie_urban_sniper
image,~russian_military_upper_body_~7188456d
image,russian_military_upper_body_a_nml
image,russian_military_upper_body_a_flir
image,russian_military_upper_body_c_col
material,mc/mtl_russian_military_upper_body_c
image,~russian_military_assault_a_s~baab6e23
image,russian_military_assault_a_nml
image,russian_military_assault_a_flir
image,russian_military_assault_a_col
material,mc/mtl_russian_military_assault_a
image,~russian_military_hands_a_spc~4899376f
image,russian_military_hands_a_nml
image,russian_military_hands_a_flir
image,russian_military_hands_a_col
material,mc/mtl_russian_military_hands_a
image,~russian_military_lower_body_~6bf6bb9d
image,russian_military_lower_body_a_nml
image,russian_military_lower_body_a_flir
image,russian_military_lower_body_c_col
material,mc/mtl_russian_military_lower_body_c
image,~russian_military_leatherboot~48c785c4
image,russian_military_leatherboots_a_nml
image,russian_military_leatherboots_a_flir
image,russian_military_leatherboots_a_col
material,mc/mtl_russian_military_boots_a
image,~russian_military_rpg_a_spc-r~6d391055
image,russian_military_rpg_a_nml
image,russian_military_rpg_a_flir
image,russian_military_rpg_a_col
material,mc/mtl_russian_military_rpg_a
image,~russian_military_sidearm_a_s~d7e9531d
image,russian_military_sidearm_a_nml
image,russian_military_sidearm_a_flir
image,russian_military_sidearm_a_col
material,mc/mtl_russian_military_sidearm_a
image,~russian_military_lmg_a_spc-r~615e527f
image,russian_military_lmg_a_nml
image,russian_military_lmg_a_flir
image,russian_military_lmg_a_col
material,mc/mtl_russian_military_lmg_a
xmodelsurfs,russian_military_body_assault_a_lod030
xmodelsurfs,russian_military_body_assault_a_lod130
xmodelsurfs,russian_military_body_assault_a_lod230
xmodelsurfs,russian_military_body_assault_a_lod330
xmodel,mp_body_russian_military_assault_a_airborne
xmodelsurfs,russian_military_body_lmg_a_lod030
xmodelsurfs,russian_military_body_lmg_a_lod130
xmodelsurfs,russian_military_body_lmg_a_lod230
xmodelsurfs,russian_military_body_lmg_a_lod330
xmodel,mp_body_russian_military_lmg_a_airborne
xmodelsurfs,russian_military_body_shotgun_a_lod030
xmodelsurfs,russian_military_body_shotgun_a_lod130
xmodelsurfs,russian_military_body_shotgun_a_lod230
xmodelsurfs,russian_military_body_shotgun_a_lod330
xmodel,mp_body_russian_military_shotgun_a_airborne
xmodelsurfs,russian_military_body_smg_a_lod030
xmodelsurfs,russian_military_body_smg_a_lod130
xmodelsurfs,russian_military_body_smg_a_lod230
xmodelsurfs,russian_military_body_smg_a_lod330
xmodel,mp_body_russian_military_smg_a_airborne
image,russian_sniper_lowerbody_c_col
material,mc/mtl_russian_air_sniper_lowerbody
image,russian_sniper_upperbody_c_col
material,mc/mtl_russian_air_sniper_upperbody
xmodelsurfs,op_force_sniper_body_lod030
xmodelsurfs,op_force_sniper_body_lod130
xmodelsurfs,op_force_sniper_body_lod230
xmodelsurfs,op_force_sniper_body_lod330
xmodel,mp_body_opforce_russian_air_sniper
techset,mc_l_sm_r0c0n0s0_sat
image,~op_force_spc-r-81g-81b-81&op~5f22ecdf
image,op_force_nml
image,op_force_clr
material,mc/mtl_op_force_gloves
image,~op_force_spc-r39g39b39&op_fo~a21b05f1
material,mc/mtl_op_force_sleeves
xmodelsurfs,viewhands_op_force40
xmodel,viewhands_op_force
image,~viewmodel_rissian_glove_spc-~6a69ac74
image,viewmodel_rissian_glove_nml
image,viewmodel_rissian_glove_col
material,mc/mtl_viewmodel_russian_glove
image,viewmodel_russian_sleeve_col_b
material,mc/mtl_viewmodel_russian_sleeve_b
xmodelsurfs,viewhands_russian40
xmodel,viewhands_russian_b
image,faction_128_ussr_crate
material,mc/mtl_plastic_case_logo_ussr
xmodel,com_plasticcase_ussr
image,~plastic_case_big_spc-rgb&pla~250ac87c
image,plastic_case_big_beige_col
material,mc/mtl_plastic_case_big
xmodelsurfs,plastic_case_big_lod011
xmodelsurfs,plastic_case_big_lod110
xmodelsurfs,plastic_case_big_lod210
xmodelsurfs,plastic_case_big_lod310
phys_collmap,com_plasticcase_beige_big
xmodel,com_plasticcase_beige_big
image,headicon_ussr
material,headicon_ussr
image,faction_128_ussr_fade
material,faction_128_ussr_fade
image,faction_128_ussr
material,faction_128_ussr
image,objpoint_flag_ussr
material,objpoint_flag_ussr
image,~flag_speznas_spc-rgb&flag_sp~96c9931d
image,flag_speznas_nml
image,flag_speznas_clr
material,mc/mtl_flag_speznas
xmodel,prop_flag_speznas
xmodel,prop_flag_speznas_carry
rawfile,team_opforce_air
image,~henchmen_head_a_spc-rgb&henc~593fa5bd
image,henchmen_head_a_nml
image,henchmen_head_a_col
material,mc/mtl_henchmen_head_a
image,~russian_naval_eye_a_spc-r18g~ae7acc9c
image,russian_naval_eye_a_col
material,mc/mtl_russian_naval_eye_a
xmodelsurfs,henchmen_head_a_lod010
xmodelsurfs,henchmen_head_a_lod110
xmodelsurfs,henchmen_head_a_lod210
xmodelsurfs,henchmen_head_a_lod310
xmodel,head_henchmen_a
image,~head_henchmen_headgear_spc_a~4c108c50
image,head_henchmen_headgear_nml
image,head_henchmen_headgear_flir_b
image,head_henchmen_headgear_col_a
material,mc/mtl_head_henchman_headgear_a
xmodelsurfs,henchmen_head_aa_lod010
xmodelsurfs,henchmen_head_aa_lod110
xmodelsurfs,henchmen_head_aa_lod210
xmodelsurfs,henchmen_head_aa_lod310
xmodel,head_henchmen_aa
image,head_henchmen_headgear_col_b
material,mc/mtl_head_henchman_headgear_b
xmodel,head_henchmen_aaa
image,~henchmen_eye_a_spc-r18g18b18~169c31d2
image,henchmen_eye_b_col
material,mc/mtl_henchmen_eye_b
image,~henchmen_head_b_spc-rgb&henc~ef769d96
image,henchmen_head_b_nml
image,henchmen_head_b_col
material,mc/mtl_henchmen_head_b
image,~nikolai_africa_headgear_a_sp~8b2b5d1b
image,nikolai_africa_headgear_a_nml
image,nikolai_africa_headgear_a_flir
image,nikolai_africa_headgear_a_col
material,mc/mtl_nikolai_africa_headgear_a
image,~pmc_africa_alpha_a_spc-rgb&p~f17482c4
image,pmc_africa_alpha_a_nml
image,pmc_africa_alpha_aa_col
material,mc/mtl_pmc_africa_alpha_aa
xmodelsurfs,henchmen_head_b_lod010
xmodelsurfs,henchmen_head_b_lod110
xmodelsurfs,henchmen_head_b_lod210
xmodelsurfs,henchmen_head_b_lod310
xmodel,head_henchmen_b
xmodelsurfs,henchmen_head_bb_lod010
xmodelsurfs,henchmen_head_bb_lod110
xmodelsurfs,henchmen_head_bb_lod210
xmodelsurfs,henchmen_head_bb_lod310
xmodel,head_henchmen_bb
xmodel,head_henchmen_bbb
image,~henchmen_head_c_spc-rgb&henc~2a3a9c1d
image,henchmen_head_c_nml
image,henchmen_head_c_col
material,mc/mtl_henchmen_head_c
image,henchmen_eye_c_col
material,mc/mtl_henchmen_eye_c
xmodelsurfs,henchmen_head_c_lod010
xmodelsurfs,henchmen_head_c_lod110
xmodelsurfs,henchmen_head_c_lod210
xmodelsurfs,henchmen_head_c_lod310
xmodel,head_henchmen_c
xmodel,head_henchmen_cc
image,henchmen_sniper_headgear_b_col
material,mc/mtl_russian_henchmen_sniper_headgear_b
image,henchmen_sniper_headgear_a_col
material,mc/mtl_russian_henchmen_sniper_headgear_a
xmodel,head_opforce_henchmen_sniper
image,~sniper_ghillie_spc-rgb&$white-l-67
image,iw5_ghillie_desert_col
material,mc/mtl_iw5_ghillie_desert
xmodel,mp_body_opforce_ghillie_desert_sniper
image,~henchmen_lower_body_a_spc-rg~acb74861
image,henchmen_lower_body_a_nml
image,henchmen_lower_body_a_flir
image,henchmen_lower_body_a_col
material,mc/mtl_henchmen_lower_body_a
image,~henchmen_upper_body_a_spc-rg~ae169113
image,henchmen_upper_body_a_nml
image,henchmen_upper_body_a_flir
image,henchmen_upper_body_a_col
material,mc/mtl_henchmen_upper_body_a
image,~henchmen_load_outs_metal_spc~577d69c8
image,henchmen_load_outs_metal_nml
image,henchmen_load_outs_metal_flir
image,henchmen_load_outs_metal_col
material,mc/mtl_henchmen_load_outs_metal
image,~henchmen_load_outs_c_spc-r-3~e7e49996
image,henchmen_load_outs_c_nml
image,henchmen_load_outs_c_flir
image,henchmen_load_outs_c_col
material,mc/mtl_henchmen_assault_a
xmodelsurfs,henchmen_body_assault_a_lod030
xmodelsurfs,henchmen_body_assault_a_lod130
xmodelsurfs,henchmen_body_assault_a_lod230
xmodelsurfs,henchmen_body_assault_a_lod330
xmodel,mp_body_henchmen_assault_a
image,~henchmen_upper_body_b_spc-rg~71679c67
image,henchmen_upper_body_b_nml
image,henchmen_upper_body_b_flir
image,henchmen_upper_body_b_col
material,mc/mtl_henchmen_upper_body_b
xmodelsurfs,henchmen_body_assault_b_lod030
xmodelsurfs,henchmen_body_assault_b_lod130
xmodelsurfs,henchmen_body_assault_b_lod230
xmodelsurfs,henchmen_body_assault_b_lod330
xmodel,mp_body_henchmen_assault_b
xmodelsurfs,henchmen_body_assault_c_lod030
xmodelsurfs,henchmen_body_assault_c_lod130
xmodelsurfs,henchmen_body_assault_c_lod230
xmodelsurfs,henchmen_body_assault_c_lod330
xmodel,mp_body_henchmen_assault_c
xmodelsurfs,henchmen_body_assault_d_lod030
xmodelsurfs,henchmen_body_assault_d_lod130
xmodelsurfs,henchmen_body_assault_d_lod230
xmodelsurfs,henchmen_body_assault_d_lod330
xmodel,mp_body_henchmen_assault_d
image,~henchmen_load_outs_d_spc-r-2~efab0e1b
image,henchmen_load_outs_d_nml
image,henchmen_load_outs_d_flir
image,henchmen_load_outs_d_col
material,mc/mtl_henchmen_lmg_a
xmodelsurfs,henchmen_body_lmg_a_lod030
xmodelsurfs,henchmen_body_lmg_a_lod130
xmodelsurfs,henchmen_body_lmg_a_lod230
xmodelsurfs,henchmen_body_lmg_a_lod330
xmodel,mp_body_henchmen_lmg_a
xmodelsurfs,henchmen_body_lmg_b_lod030
xmodelsurfs,henchmen_body_lmg_b_lod130
xmodelsurfs,henchmen_body_lmg_b_lod230
xmodelsurfs,henchmen_body_lmg_b_lod330
xmodel,mp_body_henchmen_lmg_b
image,~henchmen_load_outs_a_spc-r18~9aea8289
image,henchmen_load_outs_a_nml
image,henchmen_load_outs_a_flir
image,henchmen_load_outs_a_col
material,mc/mtl_henchmen_shotgun_a
xmodelsurfs,henchmen_body_shotgun_a_lod030
xmodelsurfs,henchmen_body_shotgun_a_lod130
xmodelsurfs,henchmen_body_shotgun_a_lod230
xmodelsurfs,henchmen_body_shotgun_a_lod330
xmodel,mp_body_henchmen_shotgun_a
xmodelsurfs,henchmen_body_shotgun_b_lod030
xmodelsurfs,henchmen_body_shotgun_b_lod130
xmodelsurfs,henchmen_body_shotgun_b_lod230
xmodelsurfs,henchmen_body_shotgun_b_lod330
xmodel,mp_body_henchmen_shotgun_b
image,~henchmen_load_outs_b_spc-r-2~a47b1f25
image,henchmen_load_outs_b_nml
image,henchmen_load_outs_b_flir
image,henchmen_load_outs_b_col
material,mc/mtl_henchmen_smg_a
xmodelsurfs,henchmen_body_smg_a_lod030
xmodelsurfs,henchmen_body_smg_a_lod130
xmodelsurfs,henchmen_body_smg_a_lod230
xmodelsurfs,henchmen_body_smg_a_lod330
xmodel,mp_body_henchmen_smg_a
xmodelsurfs,henchmen_body_smg_b_lod030
xmodelsurfs,henchmen_body_smg_b_lod130
xmodelsurfs,henchmen_body_smg_b_lod230
xmodelsurfs,henchmen_body_smg_b_lod330
xmodel,mp_body_henchmen_smg_b
image,sas_sniper_loadout_col
material,mc/mtl_sas_sniper_loudout
image,henchmen_lowerbody_col
material,mc/mtl_henchmen_sniper_lowerbody
image,henchmen_sniper_upperbody_col
material,mc/mtl_henchmen_sniper_upperbody
xmodel,mp_body_opforce_henchmen_sniper
image,~viewmodel_henchmen_sleeve_sp~cb7990d7
image,viewmodel_henchmen_sleeve_nml
image,viewmodel_henchmen_sleeve_col
material,mc/mtl_viewmodel_henchmen_sleeve
material,mc/mtl_viewmodel_henchmen_skin
image,~viewmodel_henchmen_glove_spc~3eb4eea3
image,viewmodel_henchmen_glove_nml
image,viewmodel_henchmen_glove_col
material,mc/mtl_viewmodel_henchmen_glove
xmodelsurfs,viewhands_henchmen40
xmodel,viewhands_henchmen
image,viewmodel_ghillie_desert_glove_col
material,mc/mtl_viewmodel_ghillie_desert_glove
xmodel,viewhands_iw5_ghillie_desert
image,faction_128_ic_crate
material,mc/mtl_plastic_case_logo_ic
xmodel,com_plasticcase_ic
image,faction_128_ic_fade
material,faction_128_ic_fade
image,faction_128_ic_black
material,faction_128_ic
image,~flag_ic_spc-rgb&flag_ic_cos-l-67
image,flag_ic_nml
image,flag_ic_col
material,mc/mtl_flag_ic
xmodel,prop_flag_ic
xmodel,prop_flag_ic_carry
image,objpoint_flag_ic
material,objpoint_flag_ic
image,headicon_ic
material,headicon_ic
rawfile,team_opforce_henchmen
image,~sas_urban_headgear_a_spc-r-4~36c43577
image,sas_urban_headgear_a_nml
image,sas_urban_headgear_a_col
material,mc/mtl_sas_urban_headgear_a_rubber
image,~sas_urban_head_a_spc-r-42g-4~0de03e10
image,sas_urban_head_a_nml
image,sas_urban_head_a_col
material,mc/mtl_sas_urban_head_a
image,lightblue_eye_a_col
material,mc/mtl_lightblue_eye_a
material,mc/mtl_sas_urban_headgear_a
image,~sas_goggles_spc-r-42g-42b-42~10384cc4
image,sas_goggles_nml
image,sas_goggles_col
material,mc/mtl_sas_urban_head_a_alpha
xmodelsurfs,sas_head_a_lod010
xmodelsurfs,sas_head_a_lod110
xmodelsurfs,sas_head_a_lod210
xmodelsurfs,sas_head_a_lod310
xmodel,head_sas_a
image,~sas_urban_head_b_spc-r-42g-4~1b70ec0a
image,sas_urban_head_b_nml
image,sas_urban_head_b_flir
image,sas_urban_head_b_col
material,mc/mtl_sas_urban_head_b_rubber
techset,mc_l_sm_r0c0s0p0_sat
image,nikolai_eye_col
material,mc/mtl_nikolai_eye
image,~sas_urban_headgear_b_spc-r-4~139fae44
image,sas_urban_headgear_b_nml
image,sas_urban_headgear_b_col
material,mc/mtl_sas_urban_headgear_b
material,mc/mtl_sas_urban_head_b
xmodelsurfs,sas_head_b_lod010
xmodelsurfs,sas_head_b_lod110
xmodelsurfs,sas_head_b_lod210
xmodelsurfs,sas_head_b_lod310
xmodel,head_sas_b
image,~sas_urban_head_c_spc-r-42g-4~1b70ec0a
image,sas_urban_head_c_flir
image,sas_urban_head_c_col
material,mc/mtl_sas_urban_head_c
image,~sas_urban_headgear_c_spc-r-4~a8a0eaf9
image,sas_urban_headgear_c_nml
image,sas_urban_headgear_c_col
material,mc/mtl_sas_urban_headgear_c
xmodelsurfs,sas_head_c_lod010
xmodelsurfs,sas_head_c_lod110
xmodelsurfs,sas_head_c_lod210
xmodelsurfs,sas_head_c_lod310
xmodel,head_sas_c
xmodelsurfs,ally_sas_sniper_head_lod010
xmodelsurfs,ally_sas_sniper_head_lod110
xmodelsurfs,ally_sas_sniper_head_lod210
xmodelsurfs,ally_sas_sniper_head_lod310
xmodel,head_ally_sas_sniper
xmodel,mp_body_ally_ghillie_desert_sniper
image,~sas_assault_spc-r-42g-42b-42~dd0f5fad
image,sas_assault_nml
image,sas_urban_assault_flir
image,sas_assault_col
material,mc/mtl_sas_loadout_assault
image,~sas_urban_upperbody_spc-r-42~11638a8e
image,sas_urban_upperbody_nml
image,sas_urban_upperbody_flir
image,sas_urban_upperbody_col
material,mc/mtl_sas_urban_upperbody
image,~sas_urban_lowerbody_spc-r-42~8361d961
image,sas_urban_lowerbody_nml
image,sas_urban_lowerbody_flir
image,sas_urban_lowerbody_col
material,mc/mtl_sas_urban_lowerbody
material,mc/mtl_sas_urban_upperbody_metal
material,mc/mtl_sas_urban_lowerbody_metal
image,~sas_props_gloves_spc-r-42g-4~c05a8875
image,sas_props_gloves_nml
image,sas_props_gloves_flir
image,sas_props_gloves_col
material,mc/mtl_urban_sas_hands
material,mc/mtl_sas_loadout_assault_metal
xmodelsurfs,sas_urban_body_assault_lod030
xmodelsurfs,sas_urban_body_assault_lod130
xmodelsurfs,sas_urban_body_assault_lod230
xmodelsurfs,sas_urban_body_assault_lod330
xmodel,mp_body_sas_urban_assault
image,~sas_smg_spc-r-42g-42b-42&sas~be2b2374
image,sas_smg_nml
image,sas_urban_smg_flir
image,sas_smg_col
material,mc/mtl_sas_loadout_smg
image,~sas_backpack_spc-r-42g-42b-4~0c490dd6
image,sas_backpack_nml
image,pmc_africa_backpack_a_flir
image,sas_backpack_col
material,mc/mtl_sas_prop_backpack
image,~sas_lmg_spc-r-42g-42b-42&sas~1275162c
image,sas_lmg_nml
image,sas_urban_lmg_flir
image,sas_lmg_col
material,mc/mtl_sas_loadout_lmg
material,mc/mtl_sas_loadout_lmg_metal
material,mc/mtl_sas_loadout_smg_metal
xmodelsurfs,sas_urban_body_lmg_lod030
xmodelsurfs,sas_urban_body_lmg_lod130
xmodelsurfs,sas_urban_body_lmg_lod230
xmodelsurfs,sas_urban_body_lmg_lod330
xmodel,mp_body_sas_urban_lmg
pixelshader,vertcol_shaded_fog_dtl_lin.hlsl
pixelshader,lp_fog_sat_r0c0d0n0s0px_sm3.hlsl
pixelshader,lp_dfog_sat_r0c0d0n0s0px_sm3.hlsl
pixelshader,lp_sun_fog_sat_r0c0d0n0s0px_sm3.hlsl
pixelshader,lp_sun_dfog_sat_r0c0d0n0s0px_sm3.hlsl
pixelshader,lp_sm_sun_fog_sat_r0c0d0n0s0px_sm3.hlsl
pixelshader,lp_sm_sun_dfog_sat_r0c0d0n0s0px_sm3.hlsl
pixelshader,lp_spot_fog_sat_r0c0d0n0s0px_sm3.hlsl
pixelshader,lp_spot_dfog_sat_r0c0d0n0s0px_sm3.hlsl
pixelshader,lp_sm_spot_fog_sat_r0c0d0n0s0px_sm3.hlsl
pixelshader,lp_sm_spot_dfog_sat_r0c0d0n0s0px_sm3.hlsl
pixelshader,lp_omni_fog_sat_r0c0d0n0s0px_sm3.hlsl
pixelshader,lp_omni_dfog_sat_r0c0d0n0s0px_sm3.hlsl
pixelshader,lp_sm_omni_fog_sat_r0c0d0n0s0px_sm3.hlsl
pixelshader,lp_sm_omni_dfog_sat_r0c0d0n0s0px_sm3.hlsl
pixelshader,lp_i_fog_sat_r0c0d0n0s0px_sm3.hlsl
pixelshader,lp_i_dfog_sat_r0c0d0n0s0px_sm3.hlsl
pixelshader,lp_i_sun_fog_sat_r0c0d0n0s0px_sm3.hlsl
pixelshader,lp_i_sun_dfog_sat_r0c0d0n0s0px_sm3.hlsl
pixelshader,lp_sm_i_sun_fog_sat_r0c0d0n0s0px_sm3.hlsl
pixelshader,lp_sm_i_sun_dfog_sat_r0c0d0n0s0px_sm3.hlsl
pixelshader,lp_i_spot_fog_sat_r0c0d0n0s0px_sm3.hlsl
pixelshader,lp_i_spot_dfog_sat_r0c0d0n0s0px_sm3.hlsl
pixelshader,lp_sm_i_spot_fog_sat_r0c0d0n0s0px_sm3.hlsl
pixelshader,lp_sm_i_spot_dfog_sat_r0c0d0n0s0px_sm3.hlsl
pixelshader,lp_i_omni_fog_sat_r0c0d0n0s0px_sm3.hlsl
pixelshader,lp_i_omni_dfog_sat_r0c0d0n0s0px_sm3.hlsl
pixelshader,lp_sm_i_omni_fog_sat_r0c0d0n0s0px_sm3.hlsl
pixelshader,lp_sm_i_omni_dfog_sat_r0c0d0n0s0px_sm3.hlsl
pixelshader,l_spot_mdet_r0c0d0n0.hlsl
pixelshader,l_omni_mdet_r0c0d0n0.hlsl
pixelshader,l_spot_sm_mdet_r0c0d0n0.hlsl
techset,mc_l_sm_r0c0d0n0s0p0_sat
image,~weapon_mp7_spec-rgb&weapon_m~b0a2ad99
image,weapon_mp7_nrml
image,weapon_mp7_col
image,detail_black_paint_c
material,mc/mtl_weapon_mp7
xmodelsurfs,sas_urban_body_smg_lod030
xmodelsurfs,sas_urban_body_smg_lod130
xmodelsurfs,sas_urban_body_smg_lod230
xmodelsurfs,sas_urban_body_smg_lod330
xmodel,mp_body_sas_urban_smg
image,~sas_shotgun_spc-r-42g-42b-42~724131c0
image,sas_shotgun_nml
image,sas_urban_shotgun_flir
image,sas_shotgun_col
material,mc/mtl_sas_loadout_shotgun_metal
image,~sas_props_rope_spc-r-42g-42b~e79ed245
image,sas_props_rope_nml
image,sas_props_rope_col
material,mc/mtl_sas_prop_rope
material,mc/mtl_sas_loadout_shotgun
xmodelsurfs,sas_urban_body_shotgun_lod030
xmodelsurfs,sas_urban_body_shotgun_lod130
xmodelsurfs,sas_urban_body_shotgun_lod230
xmodelsurfs,sas_urban_body_shotgun_lod330
xmodel,mp_body_sas_urban_shotgun
image,sas_sniper_headgear_col
material,mc/mtl_sas_sniper_headgear
image,sas_sniper_lowerbody_col
material,mc/mtl_sas_sniper_lowerbody
image,sas_sniper_upperbody_col
material,mc/mtl_sas_sniper_upperbody
xmodel,mp_body_ally_sas_sniper
image,~sas_glove_spc-rgb&sas_glove_cos-l-67
image,sas_glove_nml
image,sas_glove_col
material,mc/mtl_viewmodel_sas_glove
image,~sas_sleeve_spc-rgb&sas_sleev~a9cd8bff
image,sas_sleeve_nml
image,sas_sleeve_col
material,mc/mtl_viewmodel_sas_sleeve
pixelshader,lp_fog_sat_b0c0s0_sm3.hlsl
pixelshader,lp_dfog_sat_b0c0s0_sm3.hlsl
pixelshader,lp_sun_fog_sat_b0c0s0_sm3.hlsl
pixelshader,lp_sun_dfog_sat_b0c0s0_sm3.hlsl
pixelshader,lp_sm_sun_fog_sat_b0c0s0_sm3.hlsl
pixelshader,lp_sm_sun_dfog_sat_b0c0s0_sm3.hlsl
pixelshader,lp_spot_fog_sat_b0c0s0_sm3.hlsl
pixelshader,lp_spot_dfog_sat_b0c0s0_sm3.hlsl
pixelshader,lp_sm_spot_fog_sat_b0c0s0_sm3.hlsl
pixelshader,lp_sm_spot_dfog_sat_b0c0s0_sm3.hlsl
pixelshader,lp_omni_fog_sat_b0c0s0_sm3.hlsl
pixelshader,lp_omni_dfog_sat_b0c0s0_sm3.hlsl
pixelshader,lp_sm_omni_fog_sat_b0c0s0_sm3.hlsl
pixelshader,lp_sm_omni_dfog_sat_b0c0s0_sm3.hlsl
pixelshader,lp_i_fog_sat_b0c0s0_sm3.hlsl
pixelshader,lp_i_dfog_sat_b0c0s0_sm3.hlsl
pixelshader,lp_i_sun_fog_sat_b0c0s0_sm3.hlsl
pixelshader,lp_i_sun_dfog_sat_b0c0s0_sm3.hlsl
pixelshader,lp_sm_i_sun_fog_sat_b0c0s0_sm3.hlsl
pixelshader,lp_sm_i_sun_dfog_sat_b0c0s0_sm3.hlsl
pixelshader,lp_i_spot_fog_sat_b0c0s0_sm3.hlsl
pixelshader,lp_i_spot_dfog_sat_b0c0s0_sm3.hlsl
pixelshader,lp_sm_i_spot_fog_sat_b0c0s0_sm3.hlsl
pixelshader,lp_sm_i_spot_dfog_sat_b0c0s0_sm3.hlsl
pixelshader,lp_i_omni_fog_sat_b0c0s0_sm3.hlsl
pixelshader,lp_i_omni_dfog_sat_b0c0s0_sm3.hlsl
pixelshader,lp_sm_i_omni_fog_sat_b0c0s0_sm3.hlsl
pixelshader,lp_sm_i_omni_dfog_sat_b0c0s0_sm3.hlsl
techset,mc_l_sm_b0c0s0_sat
image,~sas_alpha_spc-rgb&sas_alpha_cos-l-67
image,sas_alpha_col
material,mc/mtl_viewmodel_sas_alpha
material,mc/mtl_viewmodel_sas_watch
xmodelsurfs,viewhands_sas40
xmodel,viewhands_sas
image,faction_128_sas_crate
material,mc/mtl_plastic_case_logo_sas
xmodel,com_plasticcase_sas
image,headicon_sas
material,headicon_sas
image,faction_128_sas_fade
material,faction_128_sas_fade
image,faction_128_sas
material,faction_128_sas
image,~flag_sas_spc-rgb&flag_sas_cos-l-67
image,flag_sas_nml
image,flag_sas_col
material,mc/mtl_flag_sas
xmodel,prop_flag_sas
xmodel,prop_flag_sas_carry
image,objpoint_flag_sas
material,objpoint_flag_sas
rawfile,team_sas_urban
